matchup_id,season,week,team_id,opponent_id,team_score,opponent_score,is_playoff,is_championship,matchup_type
1,2019,1,9,26,108.53,86.47,False,False,NONE
2,2019,1,26,9,86.47,108.53,False,False,NONE
3,2019,1,11,12,117.24,121.62,False,False,NONE
4,2019,1,12,11,121.62,117.24,False,False,NONE
5,2019,1,17,1,88.45,113.43,False,False,NONE
6,2019,1,1,17,113.43,88.45,False,False,NONE
7,2019,1,16,4,120.03,85.8,False,False,NONE
8,2019,1,4,16,85.8,120.03,False,False,NONE
9,2019,1,25,7,134.3,69.0,False,False,NONE
10,2019,1,7,25,69.0,134.3,False,False,NONE
11,2019,2,12,1,69.93,96.94,False,False,NONE
12,2019,2,1,12,96.94,69.93,False,False,NONE
13,2019,2,4,9,93.04,111.87,False,False,NONE
14,2019,2,9,4,111.87,93.04,False,False,NONE
15,2019,2,7,26,103.1,85.33,False,False,NONE
16,2019,2,26,7,85.33,103.1,False,False,NONE
17,2019,2,16,11,106.0,86.77,False,False,NONE
18,2019,2,11,16,86.77,106.0,False,False,NONE
19,2019,2,25,17,100.71,92.25,False,False,NONE
20,2019,2,17,25,92.25,100.71,False,False,NONE
21,2019,3,4,7,110.37,137.32,False,False,NONE
22,2019,3,7,4,137.32,110.37,False,False,NONE
23,2019,3,12,16,101.68,94.64,False,False,NONE
24,2019,3,16,12,94.64,101.68,False,False,NONE
25,2019,3,1,25,118.94,147.69,False,False,NONE
26,2019,3,25,1,147.69,118.94,False,False,NONE
27,2019,3,9,11,95.09,81.82,False,False,NONE
28,2019,3,11,9,81.82,95.09,False,False,NONE
29,2019,3,26,17,72.3,85.97,False,False,NONE
30,2019,3,17,26,85.97,72.3,False,False,NONE
31,2019,4,16,25,106.66,69.61,False,False,NONE
32,2019,4,25,16,69.61,106.66,False,False,NONE
33,2019,4,11,4,76.54,104.29,False,False,NONE
34,2019,4,4,11,104.29,76.54,False,False,NONE
35,2019,4,17,7,119.99,96.52,False,False,NONE
36,2019,4,7,17,96.52,119.99,False,False,NONE
37,2019,4,9,12,95.9,100.57,False,False,NONE
38,2019,4,12,9,100.57,95.9,False,False,NONE
39,2019,4,26,1,90.9,98.6,False,False,NONE
40,2019,4,1,26,98.6,90.9,False,False,NONE
41,2019,5,11,17,99.23,156.07,False,False,NONE
42,2019,5,17,11,156.07,99.23,False,False,NONE
43,2019,5,16,9,86.92,121.12,False,False,NONE
44,2019,5,9,16,121.12,86.92,False,False,NONE
45,2019,5,25,26,98.08,71.2,False,False,NONE
46,2019,5,26,25,71.2,98.08,False,False,NONE
47,2019,5,4,12,90.64,141.61,False,False,NONE
48,2019,5,12,4,141.61,90.64,False,False,NONE
49,2019,5,7,1,126.87,154.54,False,False,NONE
50,2019,5,1,7,154.54,126.87,False,False,NONE
51,2019,6,26,12,59.9,117.57,False,False,NONE
52,2019,6,12,26,117.57,59.9,False,False,NONE
53,2019,6,1,4,49.03,126.71,False,False,NONE
54,2019,6,4,1,126.71,49.03,False,False,NONE
55,2019,6,7,16,123.78,83.16,False,False,NONE
56,2019,6,16,7,83.16,123.78,False,False,NONE
57,2019,6,25,11,101.4,104.29,False,False,NONE
58,2019,6,11,25,104.29,101.4,False,False,NONE
59,2019,6,17,9,105.24,104.8,False,False,NONE
60,2019,6,9,17,104.8,105.24,False,False,NONE
61,2019,7,4,26,75.94,66.3,False,False,NONE
62,2019,7,26,4,66.3,75.94,False,False,NONE
63,2019,7,16,1,64.21,124.52,False,False,NONE
64,2019,7,1,16,124.52,64.21,False,False,NONE
65,2019,7,11,7,155.8,120.85,False,False,NONE
66,2019,7,7,11,120.85,155.8,False,False,NONE
67,2019,7,9,25,76.81,85.63,False,False,NONE
68,2019,7,25,9,85.63,76.81,False,False,NONE
69,2019,7,12,17,46.54,89.0,False,False,NONE
70,2019,7,17,12,89.0,46.54,False,False,NONE
71,2019,8,26,16,65.5,91.47,False,False,NONE
72,2019,8,16,26,91.47,65.5,False,False,NONE
73,2019,8,1,11,131.07,92.68,False,False,NONE
74,2019,8,11,1,92.68,131.07,False,False,NONE
75,2019,8,7,9,131.24,106.98,False,False,NONE
76,2019,8,9,7,106.98,131.24,False,False,NONE
77,2019,8,25,12,119.82,88.39,False,False,NONE
78,2019,8,12,25,88.39,119.82,False,False,NONE
79,2019,8,17,4,107.45,120.65,False,False,NONE
80,2019,8,4,17,120.65,107.45,False,False,NONE
81,2019,9,11,26,75.38,48.7,False,False,NONE
82,2019,9,26,11,48.7,75.38,False,False,NONE
83,2019,9,9,16,128.49,76.01,False,False,NONE
84,2019,9,16,9,76.01,128.49,False,False,NONE
85,2019,9,1,17,85.69,92.65,False,False,NONE
86,2019,9,17,1,92.65,85.69,False,False,NONE
87,2019,9,12,4,106.73,113.36,False,False,NONE
88,2019,9,4,12,113.36,106.73,False,False,NONE
89,2019,9,7,25,101.39,117.97,False,False,NONE
90,2019,9,25,7,117.97,101.39,False,False,NONE
91,2019,10,9,1,147.0,90.37,False,False,NONE
92,2019,10,1,9,90.37,147.0,False,False,NONE
93,2019,10,12,11,75.77,62.32,False,False,NONE
94,2019,10,11,12,62.32,75.77,False,False,NONE
95,2019,10,26,7,51.1,84.94,False,False,NONE
96,2019,10,7,26,84.94,51.1,False,False,NONE
97,2019,10,4,16,85.9,26.9,False,False,NONE
98,2019,10,16,4,26.9,85.9,False,False,NONE
99,2019,10,17,25,120.76,76.7,False,False,NONE
100,2019,10,25,17,76.7,120.76,False,False,NONE
101,2019,11,12,7,66.68,55.0,False,False,NONE
102,2019,11,7,12,55.0,66.68,False,False,NONE
103,2019,11,9,4,97.26,115.27,False,False,NONE
104,2019,11,4,9,115.27,97.26,False,False,NONE
105,2019,11,25,1,90.93,100.06,False,False,NONE
106,2019,11,1,25,100.06,90.93,False,False,NONE
107,2019,11,11,16,57.86,49.6,False,False,NONE
108,2019,11,16,11,49.6,57.86,False,False,NONE
109,2019,11,17,26,99.79,60.4,False,False,NONE
110,2019,11,26,17,60.4,99.79,False,False,NONE
111,2019,12,4,25,123.6,86.79,False,False,NONE
112,2019,12,25,4,86.79,123.6,False,False,NONE
113,2019,12,16,12,63.43,67.95,False,False,NONE
114,2019,12,12,16,67.95,63.43,False,False,NONE
115,2019,12,7,17,44.73,128.29,False,False,NONE
116,2019,12,17,7,128.29,44.73,False,False,NONE
117,2019,12,11,9,32.7,101.48,False,False,NONE
118,2019,12,9,11,101.48,32.7,False,False,NONE
119,2019,12,1,26,99.31,39.2,False,False,NONE
120,2019,12,26,1,39.2,99.31,False,False,NONE
121,2019,13,16,17,101.28,92.1,False,False,NONE
122,2019,13,17,16,92.1,101.28,False,False,NONE
123,2019,13,4,11,71.29,144.86,False,False,NONE
124,2019,13,11,4,144.86,71.29,False,False,NONE
125,2019,13,26,25,77.5,47.81,False,False,NONE
126,2019,13,25,26,47.81,77.5,False,False,NONE
127,2019,13,12,9,63.38,98.72,False,False,NONE
128,2019,13,9,12,98.72,63.38,False,False,NONE
129,2019,13,1,7,105.81,78.62,False,False,NONE
130,2019,13,7,1,78.62,105.81,False,False,NONE
131,2019,14,26,9,92.2,89.74,False,False,NONE
132,2019,14,9,26,89.74,92.2,False,False,NONE
133,2019,14,1,12,94.54,122.54,False,False,NONE
134,2019,14,12,1,122.54,94.54,False,False,NONE
135,2019,14,7,4,103.17,76.61,False,False,NONE
136,2019,14,4,7,76.61,103.17,False,False,NONE
137,2019,14,25,16,94.28,74.64,False,False,NONE
138,2019,14,16,25,74.64,94.28,False,False,NONE
139,2019,14,17,11,133.01,73.83,False,False,NONE
140,2019,14,11,17,73.83,133.01,False,False,NONE
141,2019,15,17,9,143.77,91.14,True,False,WINNERS_BRACKET
142,2019,15,9,17,91.14,143.77,True,False,WINNERS_BRACKET
143,2019,15,12,1,95.44,126.73,True,False,WINNERS_BRACKET
144,2019,15,1,12,126.73,95.44,True,False,WINNERS_BRACKET
145,2019,15,4,25,117.25,112.04,True,False,LOSERS_CONSOLATION_LADDER
146,2019,15,25,4,112.04,117.25,True,False,LOSERS_CONSOLATION_LADDER
147,2019,15,7,11,84.6,36.91,True,False,LOSERS_CONSOLATION_LADDER
148,2019,15,11,7,36.91,84.6,True,False,LOSERS_CONSOLATION_LADDER
149,2019,15,16,26,86.1,86.8,True,False,LOSERS_CONSOLATION_LADDER
150,2019,15,26,16,86.8,86.1,True,False,LOSERS_CONSOLATION_LADDER
151,2019,16,17,1,91.68,97.3,True,False,WINNERS_BRACKET
152,2019,16,1,17,97.3,91.68,True,False,WINNERS_BRACKET
153,2019,16,12,9,75.32,89.16,True,False,WINNERS_CONSOLATION_LADDER
154,2019,16,9,12,89.16,75.32,True,False,WINNERS_CONSOLATION_LADDER
155,2019,16,4,7,103.6,83.71,True,False,LOSERS_CONSOLATION_LADDER
156,2019,16,7,4,83.71,103.6,True,False,LOSERS_CONSOLATION_LADDER
157,2019,16,25,26,99.89,74.5,True,False,LOSERS_CONSOLATION_LADDER
158,2019,16,26,25,74.5,99.89,True,False,LOSERS_CONSOLATION_LADDER
159,2019,16,11,16,66.76,80.36,True,False,LOSERS_CONSOLATION_LADDER
160,2019,16,16,11,80.36,66.76,True,False,LOSERS_CONSOLATION_LADDER
161,2020,1,9,26,125.07,126.96,False,False,NONE
162,2020,1,26,9,126.96,125.07,False,False,NONE
163,2020,1,11,12,116.53,109.98,False,False,NONE
164,2020,1,12,11,109.98,116.53,False,False,NONE
165,2020,1,17,1,88.19,104.05,False,False,NONE
166,2020,1,1,17,104.05,88.19,False,False,NONE
167,2020,1,16,4,95.54,68.95,False,False,NONE
168,2020,1,4,16,68.95,95.54,False,False,NONE
169,2020,1,25,7,86.15,119.91,False,False,NONE
170,2020,1,7,25,119.91,86.15,False,False,NONE
171,2020,2,12,1,128.76,151.55,False,False,NONE
172,2020,2,1,12,151.55,128.76,False,False,NONE
173,2020,2,4,9,103.38,90.89,False,False,NONE
174,2020,2,9,4,90.89,103.38,False,False,NONE
175,2020,2,7,26,125.61,95.14,False,False,NONE
176,2020,2,26,7,95.14,125.61,False,False,NONE
177,2020,2,16,11,91.2,122.79,False,False,NONE
178,2020,2,11,16,122.79,91.2,False,False,NONE
179,2020,2,25,17,110.34,130.47,False,False,NONE
180,2020,2,17,25,130.47,110.34,False,False,NONE
181,2020,3,4,7,102.4,140.22,False,False,NONE
182,2020,3,7,4,140.22,102.4,False,False,NONE
183,2020,3,12,16,126.53,67.25,False,False,NONE
184,2020,3,16,12,67.25,126.53,False,False,NONE
185,2020,3,1,25,95.98,145.47,False,False,NONE
186,2020,3,25,1,145.47,95.98,False,False,NONE
187,2020,3,9,11,109.09,85.79,False,False,NONE
188,2020,3,11,9,85.79,109.09,False,False,NONE
189,2020,3,26,17,109.68,126.36,False,False,NONE
190,2020,3,17,26,126.36,109.68,False,False,NONE
191,2020,4,16,25,50.71,146.61,False,False,NONE
192,2020,4,25,16,146.61,50.71,False,False,NONE
193,2020,4,11,4,105.84,95.69,False,False,NONE
194,2020,4,4,11,95.69,105.84,False,False,NONE
195,2020,4,17,7,95.99,121.04,False,False,NONE
196,2020,4,7,17,121.04,95.99,False,False,NONE
197,2020,4,9,12,125.03,99.59,False,False,NONE
198,2020,4,12,9,99.59,125.03,False,False,NONE
199,2020,4,26,1,64.3,79.55,False,False,NONE
200,2020,4,1,26,79.55,64.3,False,False,NONE
201,2020,5,11,17,112.07,89.12,False,False,NONE
202,2020,5,17,11,89.12,112.07,False,False,NONE
203,2020,5,16,9,103.9,98.41,False,False,NONE
204,2020,5,9,16,98.41,103.9,False,False,NONE
205,2020,5,25,26,85.44,114.42,False,False,NONE
206,2020,5,26,25,114.42,85.44,False,False,NONE
207,2020,5,4,12,90.39,95.87,False,False,NONE
208,2020,5,12,4,95.87,90.39,False,False,NONE
209,2020,5,7,1,112.85,110.86,False,False,NONE
210,2020,5,1,7,110.86,112.85,False,False,NONE
211,2020,6,26,12,98.04,96.49,False,False,NONE
212,2020,6,12,26,96.49,98.04,False,False,NONE
213,2020,6,1,4,86.49,109.46,False,False,NONE
214,2020,6,4,1,109.46,86.49,False,False,NONE
215,2020,6,7,16,67.64,102.63,False,False,NONE
216,2020,6,16,7,102.63,67.64,False,False,NONE
217,2020,6,25,11,94.93,69.04,False,False,NONE
218,2020,6,11,25,69.04,94.93,False,False,NONE
219,2020,6,17,9,74.56,121.95,False,False,NONE
220,2020,6,9,17,121.95,74.56,False,False,NONE
221,2020,7,4,26,56.79,71.22,False,False,NONE
222,2020,7,26,4,71.22,56.79,False,False,NONE
223,2020,7,16,1,115.12,133.4,False,False,NONE
224,2020,7,1,16,133.4,115.12,False,False,NONE
225,2020,7,11,7,63.65,107.73,False,False,NONE
226,2020,7,7,11,107.73,63.65,False,False,NONE
227,2020,7,9,25,114.71,137.74,False,False,NONE
228,2020,7,25,9,137.74,114.71,False,False,NONE
229,2020,7,12,17,121.94,88.15,False,False,NONE
230,2020,7,17,12,88.15,121.94,False,False,NONE
231,2020,8,26,16,84.31,96.89,False,False,NONE
232,2020,8,16,26,96.89,84.31,False,False,NONE
233,2020,8,1,11,103.6,90.02,False,False,NONE
234,2020,8,11,1,90.02,103.6,False,False,NONE
235,2020,8,7,9,129.12,79.46,False,False,NONE
236,2020,8,9,7,79.46,129.12,False,False,NONE
237,2020,8,25,12,76.05,57.61,False,False,NONE
238,2020,8,12,25,57.61,76.05,False,False,NONE
239,2020,8,17,4,106.51,91.83,False,False,NONE
240,2020,8,4,17,91.83,106.51,False,False,NONE
241,2020,9,11,26,109.56,93.89,False,False,NONE
242,2020,9,26,11,93.89,109.56,False,False,NONE
243,2020,9,9,16,90.95,86.08,False,False,NONE
244,2020,9,16,9,86.08,90.95,False,False,NONE
245,2020,9,1,17,119.77,100.0,False,False,NONE
246,2020,9,17,1,100.0,119.77,False,False,NONE
247,2020,9,12,4,100.26,88.89,False,False,NONE
248,2020,9,4,12,88.89,100.26,False,False,NONE
249,2020,9,7,25,103.28,99.54,False,False,NONE
250,2020,9,25,7,99.54,103.28,False,False,NONE
251,2020,10,9,1,64.36,82.51,False,False,NONE
252,2020,10,1,9,82.51,64.36,False,False,NONE
253,2020,10,12,11,114.07,117.09,False,False,NONE
254,2020,10,11,12,117.09,114.07,False,False,NONE
255,2020,10,26,7,79.67,84.82,False,False,NONE
256,2020,10,7,26,84.82,79.67,False,False,NONE
257,2020,10,4,16,96.59,99.45,False,False,NONE
258,2020,10,16,4,99.45,96.59,False,False,NONE
259,2020,10,17,25,98.03,69.25,False,False,NONE
260,2020,10,25,17,69.25,98.03,False,False,NONE
261,2020,11,12,7,104.04,97.28,False,False,NONE
262,2020,11,7,12,97.28,104.04,False,False,NONE
263,2020,11,9,4,105.39,102.17,False,False,NONE
264,2020,11,4,9,102.17,105.39,False,False,NONE
265,2020,11,25,1,79.18,72.16,False,False,NONE
266,2020,11,1,25,72.16,79.18,False,False,NONE
267,2020,11,11,16,94.82,123.3,False,False,NONE
268,2020,11,16,11,123.3,94.82,False,False,NONE
269,2020,11,17,26,117.14,80.58,False,False,NONE
270,2020,11,26,17,80.58,117.14,False,False,NONE
271,2020,12,4,25,81.5,124.17,False,False,NONE
272,2020,12,25,4,124.17,81.5,False,False,NONE
273,2020,12,16,12,66.11,108.13,False,False,NONE
274,2020,12,12,16,108.13,66.11,False,False,NONE
275,2020,12,7,17,88.22,151.07,False,False,NONE
276,2020,12,17,7,151.07,88.22,False,False,NONE
277,2020,12,11,9,47.53,125.97,False,False,NONE
278,2020,12,9,11,125.97,47.53,False,False,NONE
279,2020,12,1,26,97.47,81.96,False,False,NONE
280,2020,12,26,1,81.96,97.47,False,False,NONE
281,2020,13,16,17,96.4,105.55,False,False,NONE
282,2020,13,17,16,105.55,96.4,False,False,NONE
283,2020,13,4,11,109.47,127.87,False,False,NONE
284,2020,13,11,4,127.87,109.47,False,False,NONE
285,2020,13,26,25,96.08,86.21,False,False,NONE
286,2020,13,25,26,86.21,96.08,False,False,NONE
287,2020,13,12,9,74.66,88.65,False,False,NONE
288,2020,13,9,12,88.65,74.66,False,False,NONE
289,2020,13,1,7,53.41,114.82,False,False,NONE
290,2020,13,7,1,114.82,53.41,False,False,NONE
291,2020,14,26,9,83.26,106.82,False,False,NONE
292,2020,14,9,26,106.82,83.26,False,False,NONE
293,2020,14,1,12,148.81,87.44,False,False,NONE
294,2020,14,12,1,87.44,148.81,False,False,NONE
295,2020,14,7,4,116.61,93.26,False,False,NONE
296,2020,14,4,7,93.26,116.61,False,False,NONE
297,2020,14,25,16,85.86,106.86,False,False,NONE
298,2020,14,16,25,106.86,85.86,False,False,NONE
299,2020,14,17,11,121.79,73.64,False,False,NONE
300,2020,14,11,17,73.64,121.79,False,False,NONE
301,2020,15,7,17,104.33,105.66,True,False,WINNERS_BRACKET
302,2020,15,17,7,105.66,104.33,True,False,WINNERS_BRACKET
303,2020,15,25,1,83.88,105.82,True,False,WINNERS_BRACKET
304,2020,15,1,25,105.82,83.88,True,False,WINNERS_BRACKET
305,2020,15,9,11,113.14,110.73,True,False,LOSERS_CONSOLATION_LADDER
306,2020,15,11,9,110.73,113.14,True,False,LOSERS_CONSOLATION_LADDER
307,2020,15,16,12,96.05,111.07,True,False,LOSERS_CONSOLATION_LADDER
308,2020,15,12,16,111.07,96.05,True,False,LOSERS_CONSOLATION_LADDER
309,2020,15,26,4,83.7,106.62,True,False,LOSERS_CONSOLATION_LADDER
310,2020,15,4,26,106.62,83.7,True,False,LOSERS_CONSOLATION_LADDER
311,2020,16,1,17,132.76,97.14,True,False,WINNERS_BRACKET
312,2020,16,17,1,97.14,132.76,True,False,WINNERS_BRACKET
313,2020,16,7,25,77.05,92.54,True,False,WINNERS_CONSOLATION_LADDER
314,2020,16,25,7,92.54,77.05,True,False,WINNERS_CONSOLATION_LADDER
315,2020,16,9,12,106.93,135.46,True,False,LOSERS_CONSOLATION_LADDER
316,2020,16,12,9,135.46,106.93,True,False,LOSERS_CONSOLATION_LADDER
317,2020,16,11,4,111.97,85.82,True,False,LOSERS_CONSOLATION_LADDER
318,2020,16,4,11,85.82,111.97,True,False,LOSERS_CONSOLATION_LADDER
319,2020,16,16,26,102.16,100.09,True,False,LOSERS_CONSOLATION_LADDER
320,2020,16,26,16,100.09,102.16,True,False,LOSERS_CONSOLATION_LADDER
321,2021,1,12,17,139.76,112.92,False,False,NONE
322,2021,1,17,12,112.92,139.76,False,False,NONE
323,2021,1,11,15,130.26,114.35,False,False,NONE
324,2021,1,15,11,114.35,130.26,False,False,NONE
325,2021,1,9,7,122.51,149.88,False,False,NONE
326,2021,1,7,9,149.88,122.51,False,False,NONE
327,2021,1,16,4,75.5,70.14,False,False,NONE
328,2021,1,4,16,70.14,75.5,False,False,NONE
329,2021,1,1,26,123.87,113.38,False,False,NONE
330,2021,1,26,1,113.38,123.87,False,False,NONE
331,2021,2,15,7,108.16,130.07,False,False,NONE
332,2021,2,7,15,130.07,108.16,False,False,NONE
333,2021,2,4,12,124.23,103.09,False,False,NONE
334,2021,2,12,4,103.09,124.23,False,False,NONE
335,2021,2,26,17,103.36,144.99,False,False,NONE
336,2021,2,17,26,144.99,103.36,False,False,NONE
337,2021,2,16,11,106.47,89.42,False,False,NONE
338,2021,2,11,16,89.42,106.47,False,False,NONE
339,2021,2,1,9,119.31,120.52,False,False,NONE
340,2021,2,9,1,120.52,119.31,False,False,NONE
341,2021,3,4,26,132.31,115.04,False,False,NONE
342,2021,3,26,4,115.04,132.31,False,False,NONE
343,2021,3,15,16,79.03,128.98,False,False,NONE
344,2021,3,16,15,128.98,79.03,False,False,NONE
345,2021,3,7,1,114.23,109.75,False,False,NONE
346,2021,3,1,7,109.75,114.23,False,False,NONE
347,2021,3,12,11,119.88,142.12,False,False,NONE
348,2021,3,11,12,142.12,119.88,False,False,NONE
349,2021,3,17,9,80.77,85.03,False,False,NONE
350,2021,3,9,17,85.03,80.77,False,False,NONE
351,2021,4,16,1,128.3,108.25,False,False,NONE
352,2021,4,1,16,108.25,128.3,False,False,NONE
353,2021,4,11,4,124.5,126.02,False,False,NONE
354,2021,4,4,11,126.02,124.5,False,False,NONE
355,2021,4,9,26,124.35,94.8,False,False,NONE
356,2021,4,26,9,94.8,124.35,False,False,NONE
357,2021,4,12,15,123.74,100.25,False,False,NONE
358,2021,4,15,12,100.25,123.74,False,False,NONE
359,2021,4,17,7,99.74,90.51,False,False,NONE
360,2021,4,7,17,90.51,99.74,False,False,NONE
361,2021,5,11,9,131.3,139.3,False,False,NONE
362,2021,5,9,11,139.3,131.3,False,False,NONE
363,2021,5,16,12,140.97,131.07,False,False,NONE
364,2021,5,12,16,131.07,140.97,False,False,NONE
365,2021,5,1,17,160.56,111.53,False,False,NONE
366,2021,5,17,1,111.53,160.56,False,False,NONE
367,2021,5,4,15,122.17,103.96,False,False,NONE
368,2021,5,15,4,103.96,122.17,False,False,NONE
369,2021,5,26,7,117.14,109.31,False,False,NONE
370,2021,5,7,26,109.31,117.14,False,False,NONE
371,2021,6,17,15,147.17,108.34,False,False,NONE
372,2021,6,15,17,108.34,147.17,False,False,NONE
373,2021,6,7,4,122.67,95.04,False,False,NONE
374,2021,6,4,7,95.04,122.67,False,False,NONE
375,2021,6,26,16,116.29,113.02,False,False,NONE
376,2021,6,16,26,113.02,116.29,False,False,NONE
377,2021,6,1,11,104.37,116.2,False,False,NONE
378,2021,6,11,1,116.2,104.37,False,False,NONE
379,2021,6,9,12,126.44,148.35,False,False,NONE
380,2021,6,12,9,148.35,126.44,False,False,NONE
381,2021,7,4,17,127.6,71.5,False,False,NONE
382,2021,7,17,4,71.5,127.6,False,False,NONE
383,2021,7,16,7,135.37,146.28,False,False,NONE
384,2021,7,7,16,146.28,135.37,False,False,NONE
385,2021,7,11,26,79.41,129.75,False,False,NONE
386,2021,7,26,11,129.75,79.41,False,False,NONE
387,2021,7,12,1,152.15,113.08,False,False,NONE
388,2021,7,1,12,113.08,152.15,False,False,NONE
389,2021,7,15,9,135.33,113.92,False,False,NONE
390,2021,7,9,15,113.92,135.33,False,False,NONE
391,2021,8,17,16,104.64,88.22,False,False,NONE
392,2021,8,16,17,88.22,104.64,False,False,NONE
393,2021,8,7,11,115.16,94.34,False,False,NONE
394,2021,8,11,7,94.34,115.16,False,False,NONE
395,2021,8,26,12,117.73,100.12,False,False,NONE
396,2021,8,12,26,100.12,117.73,False,False,NONE
397,2021,8,1,15,121.44,104.26,False,False,NONE
398,2021,8,15,1,104.26,121.44,False,False,NONE
399,2021,8,9,4,84.33,103.48,False,False,NONE
400,2021,8,4,9,103.48,84.33,False,False,NONE
401,2021,9,11,17,83.31,89.8,False,False,NONE
402,2021,9,17,11,89.8,83.31,False,False,NONE
403,2021,9,12,16,89.19,77.14,False,False,NONE
404,2021,9,16,12,77.14,89.19,False,False,NONE
405,2021,9,7,9,106.31,70.12,False,False,NONE
406,2021,9,9,7,70.12,106.31,False,False,NONE
407,2021,9,15,4,81.18,106.07,False,False,NONE
408,2021,9,4,15,106.07,81.18,False,False,NONE
409,2021,9,26,1,81.12,156.92,False,False,NONE
410,2021,9,1,26,156.92,81.12,False,False,NONE
411,2021,10,12,7,130.04,106.01,False,False,NONE
412,2021,10,7,12,106.01,130.04,False,False,NONE
413,2021,10,15,11,66.64,119.91,False,False,NONE
414,2021,10,11,15,119.91,66.64,False,False,NONE
415,2021,10,17,26,108.25,80.04,False,False,NONE
416,2021,10,26,17,80.04,108.25,False,False,NONE
417,2021,10,4,16,96.06,85.83,False,False,NONE
418,2021,10,16,4,85.83,96.06,False,False,NONE
419,2021,10,9,1,114.75,112.75,False,False,NONE
420,2021,10,1,9,112.75,114.75,False,False,NONE
421,2021,11,15,26,92.87,87.95,False,False,NONE
422,2021,11,26,15,87.95,92.87,False,False,NONE
423,2021,11,12,4,91.68,110.0,False,False,NONE
424,2021,11,4,12,110.0,91.68,False,False,NONE
425,2021,11,1,7,167.48,132.39,False,False,NONE
426,2021,11,7,1,132.39,167.48,False,False,NONE
427,2021,11,11,16,99.06,125.98,False,False,NONE
428,2021,11,16,11,125.98,99.06,False,False,NONE
429,2021,11,9,17,119.49,97.73,False,False,NONE
430,2021,11,17,9,97.73,119.49,False,False,NONE
431,2021,12,4,1,86.45,94.49,False,False,NONE
432,2021,12,1,4,94.49,86.45,False,False,NONE
433,2021,12,16,15,103.73,76.9,False,False,NONE
434,2021,12,15,16,76.9,103.73,False,False,NONE
435,2021,12,26,9,104.55,125.1,False,False,NONE
436,2021,12,9,26,125.1,104.55,False,False,NONE
437,2021,12,11,12,134.24,142.57,False,False,NONE
438,2021,12,12,11,142.57,134.24,False,False,NONE
439,2021,12,7,17,97.91,84.67,False,False,NONE
440,2021,12,17,7,84.67,97.91,False,False,NONE
441,2021,13,16,9,90.69,78.2,False,False,NONE
442,2021,13,9,16,78.2,90.69,False,False,NONE
443,2021,13,4,11,156.98,116.8,False,False,NONE
444,2021,13,11,4,116.8,156.98,False,False,NONE
445,2021,13,17,1,68.35,121.21,False,False,NONE
446,2021,13,1,17,121.21,68.35,False,False,NONE
447,2021,13,15,12,103.14,112.26,False,False,NONE
448,2021,13,12,15,112.26,103.14,False,False,NONE
449,2021,13,7,26,159.61,104.08,False,False,NONE
450,2021,13,26,7,104.08,159.61,False,False,NONE
451,2021,14,17,12,84.1,123.37,False,False,NONE
452,2021,14,12,17,123.37,84.1,False,False,NONE
453,2021,14,7,15,135.88,114.15,False,False,NONE
454,2021,14,15,7,114.15,135.88,False,False,NONE
455,2021,14,26,4,104.86,124.09,False,False,NONE
456,2021,14,4,26,124.09,104.86,False,False,NONE
457,2021,14,1,16,96.88,145.8,False,False,NONE
458,2021,14,16,1,145.8,96.88,False,False,NONE
459,2021,14,9,11,117.34,110.26,False,False,NONE
460,2021,14,11,9,110.26,117.34,False,False,NONE
461,2021,15,4,0,65.7,0.0,True,False,WINNERS_BRACKET
462,2021,15,16,9,96.53,113.37,True,False,WINNERS_BRACKET
463,2021,15,9,16,113.37,96.53,True,False,WINNERS_BRACKET
464,2021,15,12,1,95.63,97.92,True,False,WINNERS_BRACKET
465,2021,15,1,12,97.92,95.63,True,False,WINNERS_BRACKET
466,2021,15,7,0,95.51,0.0,True,False,WINNERS_BRACKET
467,2021,15,17,11,138.51,87.09,True,False,LOSERS_CONSOLATION_LADDER
468,2021,15,11,17,87.09,138.51,True,False,LOSERS_CONSOLATION_LADDER
469,2021,15,26,15,87.06,100.8,True,False,LOSERS_CONSOLATION_LADDER
470,2021,15,15,26,100.8,87.06,True,False,LOSERS_CONSOLATION_LADDER
471,2021,16,4,9,110.27,101.82,True,False,WINNERS_BRACKET
472,2021,16,9,4,101.82,110.27,True,False,WINNERS_BRACKET
473,2021,16,7,1,88.96,151.67,True,False,WINNERS_BRACKET
474,2021,16,1,7,151.67,88.96,True,False,WINNERS_BRACKET
475,2021,16,12,16,128.88,104.14,True,False,WINNERS_CONSOLATION_LADDER
476,2021,16,16,12,104.14,128.88,True,False,WINNERS_CONSOLATION_LADDER
477,2021,16,17,15,116.23,84.32,True,False,LOSERS_CONSOLATION_LADDER
478,2021,16,15,17,84.32,116.23,True,False,LOSERS_CONSOLATION_LADDER
479,2021,16,11,26,101.4,101.68,True,False,LOSERS_CONSOLATION_LADDER
480,2021,16,26,11,101.68,101.4,True,False,LOSERS_CONSOLATION_LADDER
481,2021,17,4,1,119.25,96.57,True,False,WINNERS_BRACKET
482,2021,17,1,4,96.57,119.25,True,False,WINNERS_BRACKET
483,2021,17,7,9,109.51,120.41,True,False,WINNERS_CONSOLATION_LADDER
484,2021,17,9,7,120.41,109.51,True,False,WINNERS_CONSOLATION_LADDER
485,2021,17,12,16,111.24,88.49,True,False,WINNERS_CONSOLATION_LADDER
486,2021,17,16,12,88.49,111.24,True,False,WINNERS_CONSOLATION_LADDER
487,2021,17,17,26,94.61,168.64,True,False,LOSERS_CONSOLATION_LADDER
488,2021,17,26,17,168.64,94.61,True,False,LOSERS_CONSOLATION_LADDER
489,2021,17,11,15,113.41,65.6,True,False,LOSERS_CONSOLATION_LADDER
490,2021,17,15,11,65.6,113.41,True,False,LOSERS_CONSOLATION_LADDER
491,2022,1,4,17,108.72,143.7,False,False,NONE
492,2022,1,17,4,143.7,108.72,False,False,NONE
493,2022,1,11,15,134.71,110.33,False,False,NONE
494,2022,1,15,11,110.33,134.71,False,False,NONE
495,2022,1,26,9,83.28,78.43,False,False,NONE
496,2022,1,9,26,78.43,83.28,False,False,NONE
497,2022,1,16,12,106.17,88.67,False,False,NONE
498,2022,1,12,16,88.67,106.17,False,False,NONE
499,2022,1,7,1,85.69,118.91,False,False,NONE
500,2022,1,1,7,118.91,85.69,False,False,NONE
501,2022,2,15,9,131.69,102.82,False,False,NONE
502,2022,2,9,15,102.82,131.69,False,False,NONE
503,2022,2,12,4,104.56,167.91,False,False,NONE
504,2022,2,4,12,167.91,104.56,False,False,NONE
505,2022,2,1,17,144.03,130.89,False,False,NONE
506,2022,2,17,1,130.89,144.03,False,False,NONE
507,2022,2,16,11,64.89,117.11,False,False,NONE
508,2022,2,11,16,117.11,64.89,False,False,NONE
509,2022,2,7,26,110.89,72.48,False,False,NONE
510,2022,2,26,7,72.48,110.89,False,False,NONE
511,2022,3,12,1,103.17,109.32,False,False,NONE
512,2022,3,1,12,109.32,103.17,False,False,NONE
513,2022,3,15,16,112.98,69.3,False,False,NONE
514,2022,3,16,15,69.3,112.98,False,False,NONE
515,2022,3,9,7,94.63,89.13,False,False,NONE
516,2022,3,7,9,89.13,94.63,False,False,NONE
517,2022,3,4,11,118.78,110.82,False,False,NONE
518,2022,3,11,4,110.82,118.78,False,False,NONE
519,2022,3,17,26,107.9,114.06,False,False,NONE
520,2022,3,26,17,114.06,107.9,False,False,NONE
521,2022,4,16,7,75.06,112.52,False,False,NONE
522,2022,4,7,16,112.52,75.06,False,False,NONE
523,2022,4,11,12,147.24,138.08,False,False,NONE
524,2022,4,12,11,138.08,147.24,False,False,NONE
525,2022,4,26,1,124.44,112.26,False,False,NONE
526,2022,4,1,26,112.26,124.44,False,False,NONE
527,2022,4,4,15,65.0,115.95,False,False,NONE
528,2022,4,15,4,115.95,65.0,False,False,NONE
529,2022,4,17,9,158.58,118.98,False,False,NONE
530,2022,4,9,17,118.98,158.58,False,False,NONE
531,2022,5,11,26,144.26,97.5,False,False,NONE
532,2022,5,26,11,97.5,144.26,False,False,NONE
533,2022,5,16,4,118.74,88.09,False,False,NONE
534,2022,5,4,16,88.09,118.74,False,False,NONE
535,2022,5,7,17,135.91,121.79,False,False,NONE
536,2022,5,17,7,121.79,135.91,False,False,NONE
537,2022,5,12,15,124.18,78.49,False,False,NONE
538,2022,5,15,12,78.49,124.18,False,False,NONE
539,2022,5,1,9,114.91,107.75,False,False,NONE
540,2022,5,9,1,107.75,114.91,False,False,NONE
541,2022,6,17,15,82.65,132.18,False,False,NONE
542,2022,6,15,17,132.18,82.65,False,False,NONE
543,2022,6,9,12,124.35,98.83,False,False,NONE
544,2022,6,12,9,98.83,124.35,False,False,NONE
545,2022,6,1,16,116.9,102.88,False,False,NONE
546,2022,6,16,1,102.88,116.9,False,False,NONE
547,2022,6,7,11,85.05,105.52,False,False,NONE
548,2022,6,11,7,105.52,85.05,False,False,NONE
549,2022,6,26,4,76.5,91.17,False,False,NONE
550,2022,6,4,26,91.17,76.5,False,False,NONE
551,2022,7,12,17,100.0,110.9,False,False,NONE
552,2022,7,17,12,110.9,100.0,False,False,NONE
553,2022,7,16,9,91.38,88.36,False,False,NONE
554,2022,7,9,16,88.36,91.38,False,False,NONE
555,2022,7,11,1,112.9,89.48,False,False,NONE
556,2022,7,1,11,89.48,112.9,False,False,NONE
557,2022,7,4,7,82.89,78.88,False,False,NONE
558,2022,7,7,4,78.88,82.89,False,False,NONE
559,2022,7,15,26,110.69,107.82,False,False,NONE
560,2022,7,26,15,107.82,110.69,False,False,NONE
561,2022,8,17,16,156.43,87.18,False,False,NONE
562,2022,8,16,17,87.18,156.43,False,False,NONE
563,2022,8,9,11,148.19,113.13,False,False,NONE
564,2022,8,11,9,113.13,148.19,False,False,NONE
565,2022,8,1,4,133.45,106.18,False,False,NONE
566,2022,8,4,1,106.18,133.45,False,False,NONE
567,2022,8,7,15,125.54,117.75,False,False,NONE
568,2022,8,15,7,117.75,125.54,False,False,NONE
569,2022,8,26,12,70.31,134.31,False,False,NONE
570,2022,8,12,26,134.31,70.31,False,False,NONE
571,2022,9,11,17,120.43,130.63,False,False,NONE
572,2022,9,17,11,130.63,120.43,False,False,NONE
573,2022,9,4,16,72.07,84.83,False,False,NONE
574,2022,9,16,4,84.83,72.07,False,False,NONE
575,2022,9,9,26,138.71,70.36,False,False,NONE
576,2022,9,26,9,70.36,138.71,False,False,NONE
577,2022,9,15,12,108.92,95.9,False,False,NONE
578,2022,9,12,15,95.9,108.92,False,False,NONE
579,2022,9,1,7,130.96,139.27,False,False,NONE
580,2022,9,7,1,139.27,130.96,False,False,NONE
581,2022,10,4,9,91.09,84.6,False,False,NONE
582,2022,10,9,4,84.6,91.09,False,False,NONE
583,2022,10,15,11,92.64,121.39,False,False,NONE
584,2022,10,11,15,121.39,92.64,False,False,NONE
585,2022,10,17,1,114.41,110.92,False,False,NONE
586,2022,10,1,17,110.92,114.41,False,False,NONE
587,2022,10,12,16,99.8,73.89,False,False,NONE
588,2022,10,16,12,73.89,99.8,False,False,NONE
589,2022,10,26,7,123.57,86.25,False,False,NONE
590,2022,10,7,26,86.25,123.57,False,False,NONE
591,2022,11,15,1,99.19,108.48,False,False,NONE
592,2022,11,1,15,108.48,99.19,False,False,NONE
593,2022,11,4,12,130.29,96.32,False,False,NONE
594,2022,11,12,4,96.32,130.29,False,False,NONE
595,2022,11,7,9,81.47,153.31,False,False,NONE
596,2022,11,9,7,153.31,81.47,False,False,NONE
597,2022,11,11,16,90.63,107.08,False,False,NONE
598,2022,11,16,11,107.08,90.63,False,False,NONE
599,2022,11,26,17,91.69,136.85,False,False,NONE
600,2022,11,17,26,136.85,91.69,False,False,NONE
601,2022,12,12,7,122.56,99.95,False,False,NONE
602,2022,12,7,12,99.95,122.56,False,False,NONE
603,2022,12,16,15,106.5,101.92,False,False,NONE
604,2022,12,15,16,101.92,106.5,False,False,NONE
605,2022,12,1,26,115.91,100.89,False,False,NONE
606,2022,12,26,1,100.89,115.91,False,False,NONE
607,2022,12,11,4,135.15,119.56,False,False,NONE
608,2022,12,4,11,119.56,135.15,False,False,NONE
609,2022,12,9,17,113.87,128.57,False,False,NONE
610,2022,12,17,9,128.57,113.87,False,False,NONE
611,2022,13,16,26,120.46,94.6,False,False,NONE
612,2022,13,26,16,94.6,120.46,False,False,NONE
613,2022,13,12,11,92.7,106.87,False,False,NONE
614,2022,13,11,12,106.87,92.7,False,False,NONE
615,2022,13,17,7,92.31,83.36,False,False,NONE
616,2022,13,7,17,83.36,92.31,False,False,NONE
617,2022,13,15,4,117.35,96.88,False,False,NONE
618,2022,13,4,15,96.88,117.35,False,False,NONE
619,2022,13,9,1,97.03,155.29,False,False,NONE
620,2022,13,1,9,155.29,97.03,False,False,NONE
621,2022,14,17,4,80.88,106.17,False,False,NONE
622,2022,14,4,17,106.17,80.88,False,False,NONE
623,2022,14,9,15,108.55,111.13,False,False,NONE
624,2022,14,15,9,111.13,108.55,False,False,NONE
625,2022,14,1,12,120.16,88.04,False,False,NONE
626,2022,14,12,1,88.04,120.16,False,False,NONE
627,2022,14,7,16,140.46,86.36,False,False,NONE
628,2022,14,16,7,86.36,140.46,False,False,NONE
629,2022,14,26,11,102.99,128.81,False,False,NONE
630,2022,14,11,26,128.81,102.99,False,False,NONE
631,2022,15,11,0,113.45,0.0,True,False,WINNERS_BRACKET
632,2022,15,15,4,109.27,114.73,True,False,WINNERS_BRACKET
633,2022,15,4,15,114.73,109.27,True,False,WINNERS_BRACKET
634,2022,15,17,16,150.76,108.05,True,False,WINNERS_BRACKET
635,2022,15,16,17,108.05,150.76,True,False,WINNERS_BRACKET
636,2022,15,1,0,110.37,0.0,True,False,WINNERS_BRACKET
637,2022,15,7,9,162.34,114.07,True,False,LOSERS_CONSOLATION_LADDER
638,2022,15,9,7,114.07,162.34,True,False,LOSERS_CONSOLATION_LADDER
639,2022,15,12,26,98.83,125.04,True,False,LOSERS_CONSOLATION_LADDER
640,2022,15,26,12,125.04,98.83,True,False,LOSERS_CONSOLATION_LADDER
641,2022,16,11,4,135.85,138.1,True,False,WINNERS_BRACKET
642,2022,16,4,11,138.1,135.85,True,False,WINNERS_BRACKET
643,2022,16,1,17,69.19,89.66,True,False,WINNERS_BRACKET
644,2022,16,17,1,89.66,69.19,True,False,WINNERS_BRACKET
645,2022,16,15,16,144.55,74.06,True,False,WINNERS_CONSOLATION_LADDER
646,2022,16,16,15,74.06,144.55,True,False,WINNERS_CONSOLATION_LADDER
647,2022,16,7,26,92.29,69.1,True,False,LOSERS_CONSOLATION_LADDER
648,2022,16,26,7,69.1,92.29,True,False,LOSERS_CONSOLATION_LADDER
649,2022,16,9,12,111.36,152.22,True,False,LOSERS_CONSOLATION_LADDER
650,2022,16,12,9,152.22,111.36,True,False,LOSERS_CONSOLATION_LADDER
651,2022,17,17,4,133.09,97.16,True,False,WINNERS_BRACKET
652,2022,17,4,17,97.16,133.09,True,False,WINNERS_BRACKET
653,2022,17,11,1,65.8,55.71,True,False,WINNERS_CONSOLATION_LADDER
654,2022,17,1,11,55.71,65.8,True,False,WINNERS_CONSOLATION_LADDER
655,2022,17,15,16,91.5,86.8,True,False,WINNERS_CONSOLATION_LADDER
656,2022,17,16,15,86.8,91.5,True,False,WINNERS_CONSOLATION_LADDER
657,2022,17,7,12,75.33,130.49,True,False,LOSERS_CONSOLATION_LADDER
658,2022,17,12,7,130.49,75.33,True,False,LOSERS_CONSOLATION_LADDER
659,2022,17,9,26,87.37,68.62,True,False,LOSERS_CONSOLATION_LADDER
660,2022,17,26,9,68.62,87.37,True,False,LOSERS_CONSOLATION_LADDER
661,2023,1,12,9,101.48,124.79,False,False,NONE
662,2023,1,9,12,124.79,101.48,False,False,NONE
663,2023,1,16,15,105.94,73.44,False,False,NONE
664,2023,1,15,16,73.44,105.94,False,False,NONE
665,2023,1,17,1,116.11,92.42,False,False,NONE
666,2023,1,1,17,92.42,116.11,False,False,NONE
667,2023,1,11,4,103.09,70.32,False,False,NONE
668,2023,1,4,11,70.32,103.09,False,False,NONE
669,2023,1,7,26,124.83,95.79,False,False,NONE
670,2023,1,26,7,95.79,124.83,False,False,NONE
671,2023,2,15,1,109.27,125.92,False,False,NONE
672,2023,2,1,15,125.92,109.27,False,False,NONE
673,2023,2,4,12,133.59,131.93,False,False,NONE
674,2023,2,12,4,131.93,133.59,False,False,NONE
675,2023,2,26,9,103.66,107.72,False,False,NONE
676,2023,2,9,26,107.72,103.66,False,False,NONE
677,2023,2,11,16,116.51,94.56,False,False,NONE
678,2023,2,16,11,94.56,116.51,False,False,NONE
679,2023,2,7,17,109.71,88.14,False,False,NONE
680,2023,2,17,7,88.14,109.71,False,False,NONE
681,2023,3,4,26,182.08,71.4,False,False,NONE
682,2023,3,26,4,71.4,182.08,False,False,NONE
683,2023,3,15,11,66.07,128.6,False,False,NONE
684,2023,3,11,15,128.6,66.07,False,False,NONE
685,2023,3,1,7,131.05,95.17,False,False,NONE
686,2023,3,7,1,95.17,131.05,False,False,NONE
687,2023,3,12,16,104.9,180.58,False,False,NONE
688,2023,3,16,12,180.58,104.9,False,False,NONE
689,2023,3,9,17,127.62,102.04,False,False,NONE
690,2023,3,17,9,102.04,127.62,False,False,NONE
691,2023,4,11,7,119.01,124.57,False,False,NONE
692,2023,4,7,11,124.57,119.01,False,False,NONE
693,2023,4,16,4,126.55,92.85,False,False,NONE
694,2023,4,4,16,92.85,126.55,False,False,NONE
695,2023,4,17,26,80.63,118.86,False,False,NONE
696,2023,4,26,17,118.86,80.63,False,False,NONE
697,2023,4,12,15,89.19,65.85,False,False,NONE
698,2023,4,15,12,65.85,89.19,False,False,NONE
699,2023,4,9,1,131.36,127.88,False,False,NONE
700,2023,4,1,9,127.88,131.36,False,False,NONE
701,2023,5,16,17,83.32,143.96,False,False,NONE
702,2023,5,17,16,143.96,83.32,False,False,NONE
703,2023,5,11,12,80.42,92.25,False,False,NONE
704,2023,5,12,11,92.25,80.42,False,False,NONE
705,2023,5,7,9,109.69,165.27,False,False,NONE
706,2023,5,9,7,165.27,109.69,False,False,NONE
707,2023,5,4,15,95.42,96.21,False,False,NONE
708,2023,5,15,4,96.21,95.42,False,False,NONE
709,2023,5,26,1,113.39,118.7,False,False,NONE
710,2023,5,1,26,118.7,113.39,False,False,NONE
711,2023,6,9,15,122.25,102.29,False,False,NONE
712,2023,6,15,9,102.29,122.25,False,False,NONE
713,2023,6,1,4,98.08,133.46,False,False,NONE
714,2023,6,4,1,133.46,98.08,False,False,NONE
715,2023,6,26,11,61.78,97.34,False,False,NONE
716,2023,6,11,26,97.34,61.78,False,False,NONE
717,2023,6,7,16,69.96,96.91,False,False,NONE
718,2023,6,16,7,96.91,69.96,False,False,NONE
719,2023,6,17,12,110.6,109.75,False,False,NONE
720,2023,6,12,17,109.75,110.6,False,False,NONE
721,2023,7,4,9,99.06,111.51,False,False,NONE
722,2023,7,9,4,111.51,99.06,False,False,NONE
723,2023,7,11,1,95.02,120.98,False,False,NONE
724,2023,7,1,11,120.98,95.02,False,False,NONE
725,2023,7,16,26,81.03,53.0,False,False,NONE
726,2023,7,26,16,53.0,81.03,False,False,NONE
727,2023,7,12,7,97.79,88.45,False,False,NONE
728,2023,7,7,12,88.45,97.79,False,False,NONE
729,2023,7,15,17,98.66,153.52,False,False,NONE
730,2023,7,17,15,153.52,98.66,False,False,NONE
731,2023,8,9,11,110.64,133.81,False,False,NONE
732,2023,8,11,9,133.81,110.64,False,False,NONE
733,2023,8,1,16,113.44,82.3,False,False,NONE
734,2023,8,16,1,82.3,113.44,False,False,NONE
735,2023,8,26,12,111.66,160.66,False,False,NONE
736,2023,8,12,26,160.66,111.66,False,False,NONE
737,2023,8,7,15,86.73,110.23,False,False,NONE
738,2023,8,15,7,110.23,86.73,False,False,NONE
739,2023,8,17,4,92.44,93.23,False,False,NONE
740,2023,8,4,17,93.23,92.44,False,False,NONE
741,2023,9,16,9,95.32,91.46,False,False,NONE
742,2023,9,9,16,91.46,95.32,False,False,NONE
743,2023,9,12,11,130.69,102.56,False,False,NONE
744,2023,9,11,12,102.56,130.69,False,False,NONE
745,2023,9,1,17,104.82,89.05,False,False,NONE
746,2023,9,17,1,89.05,104.82,False,False,NONE
747,2023,9,15,4,107.21,113.06,False,False,NONE
748,2023,9,4,15,113.06,107.21,False,False,NONE
749,2023,9,26,7,97.5,62.32,False,False,NONE
750,2023,9,7,26,62.32,97.5,False,False,NONE
751,2023,10,12,1,165.28,123.02,False,False,NONE
752,2023,10,1,12,123.02,165.28,False,False,NONE
753,2023,10,15,16,123.62,66.14,False,False,NONE
754,2023,10,16,15,66.14,123.62,False,False,NONE
755,2023,10,9,26,72.12,116.03,False,False,NONE
756,2023,10,26,9,116.03,72.12,False,False,NONE
757,2023,10,4,11,148.38,87.4,False,False,NONE
758,2023,10,11,4,87.4,148.38,False,False,NONE
759,2023,10,17,7,91.24,91.99,False,False,NONE
760,2023,10,7,17,91.99,91.24,False,False,NONE
761,2023,11,15,26,106.56,101.47,False,False,NONE
762,2023,11,26,15,101.47,106.56,False,False,NONE
763,2023,11,12,4,121.9,101.86,False,False,NONE
764,2023,11,4,12,101.86,121.9,False,False,NONE
765,2023,11,7,1,103.82,99.64,False,False,NONE
766,2023,11,1,7,99.64,103.82,False,False,NONE
767,2023,11,16,11,114.63,116.95,False,False,NONE
768,2023,11,11,16,116.95,114.63,False,False,NONE
769,2023,11,17,9,68.93,110.26,False,False,NONE
770,2023,11,9,17,110.26,68.93,False,False,NONE
771,2023,12,4,7,135.03,95.83,False,False,NONE
772,2023,12,7,4,95.83,135.03,False,False,NONE
773,2023,12,11,15,151.94,104.59,False,False,NONE
774,2023,12,15,11,104.59,151.94,False,False,NONE
775,2023,12,26,17,143.56,102.97,False,False,NONE
776,2023,12,17,26,102.97,143.56,False,False,NONE
777,2023,12,16,12,77.12,145.47,False,False,NONE
778,2023,12,12,16,145.47,77.12,False,False,NONE
779,2023,12,1,9,82.24,127.96,False,False,NONE
780,2023,12,9,1,127.96,82.24,False,False,NONE
781,2023,13,11,17,108.47,67.61,False,False,NONE
782,2023,13,17,11,67.61,108.47,False,False,NONE
783,2023,13,4,16,104.47,95.58,False,False,NONE
784,2023,13,16,4,95.58,104.47,False,False,NONE
785,2023,13,9,7,173.15,122.45,False,False,NONE
786,2023,13,7,9,122.45,173.15,False,False,NONE
787,2023,13,15,12,116.77,136.34,False,False,NONE
788,2023,13,12,15,136.34,116.77,False,False,NONE
789,2023,13,1,26,101.02,150.66,False,False,NONE
790,2023,13,26,1,150.66,101.02,False,False,NONE
791,2023,14,9,12,121.09,109.99,False,False,NONE
792,2023,14,12,9,109.99,121.09,False,False,NONE
793,2023,14,1,15,106.95,132.43,False,False,NONE
794,2023,14,15,1,132.43,106.95,False,False,NONE
795,2023,14,26,4,78.45,126.54,False,False,NONE
796,2023,14,4,26,126.54,78.45,False,False,NONE
797,2023,14,7,11,120.11,109.28,False,False,NONE
798,2023,14,11,7,109.28,120.11,False,False,NONE
799,2023,14,17,16,70.73,101.33,False,False,NONE
800,2023,14,16,17,101.33,70.73,False,False,NONE
801,2023,15,9,0,112.76,0.0,True,False,WINNERS_BRACKET
802,2023,15,11,16,103.27,101.59,True,False,WINNERS_BRACKET
803,2023,15,16,11,101.59,103.27,True,False,WINNERS_BRACKET
804,2023,15,4,1,130.69,118.09,True,False,WINNERS_BRACKET
805,2023,15,1,4,118.09,130.69,True,False,WINNERS_BRACKET
806,2023,15,12,0,47.31,0.0,True,False,WINNERS_BRACKET
807,2023,15,7,26,84.53,101.7,True,False,LOSERS_CONSOLATION_LADDER
808,2023,15,26,7,101.7,84.53,True,False,LOSERS_CONSOLATION_LADDER
809,2023,15,15,17,116.55,82.82,True,False,LOSERS_CONSOLATION_LADDER
810,2023,15,17,15,82.82,116.55,True,False,LOSERS_CONSOLATION_LADDER
811,2023,16,9,11,85.44,128.6,True,False,WINNERS_BRACKET
812,2023,16,11,9,128.6,85.44,True,False,WINNERS_BRACKET
813,2023,16,12,4,106.65,134.13,True,False,WINNERS_BRACKET
814,2023,16,4,12,134.13,106.65,True,False,WINNERS_BRACKET
815,2023,16,16,1,93.29,122.52,True,False,WINNERS_CONSOLATION_LADDER
816,2023,16,1,16,122.52,93.29,True,False,WINNERS_CONSOLATION_LADDER
817,2023,16,26,15,82.7,126.24,True,False,LOSERS_CONSOLATION_LADDER
818,2023,16,15,26,126.24,82.7,True,False,LOSERS_CONSOLATION_LADDER
819,2023,16,7,17,104.75,88.09,True,False,LOSERS_CONSOLATION_LADDER
820,2023,16,17,7,88.09,104.75,True,False,LOSERS_CONSOLATION_LADDER
821,2023,17,4,11,129.53,123.6,True,False,WINNERS_BRACKET
822,2023,17,11,4,123.6,129.53,True,False,WINNERS_BRACKET
823,2023,17,9,12,117.42,123.71,True,False,WINNERS_CONSOLATION_LADDER
824,2023,17,12,9,123.71,117.42,True,False,WINNERS_CONSOLATION_LADDER
825,2023,17,16,1,118.77,105.94,True,False,WINNERS_CONSOLATION_LADDER
826,2023,17,1,16,105.94,118.77,True,False,WINNERS_CONSOLATION_LADDER
827,2023,17,7,15,79.3,84.89,True,False,LOSERS_CONSOLATION_LADDER
828,2023,17,15,7,84.89,79.3,True,False,LOSERS_CONSOLATION_LADDER
829,2023,17,26,17,87.59,98.63,True,False,LOSERS_CONSOLATION_LADDER
830,2023,17,17,26,98.63,87.59,True,False,LOSERS_CONSOLATION_LADDER
831,2024,1,7,17,92.14,85.65,False,False,NONE
832,2024,1,17,7,85.65,92.14,False,False,NONE
833,2024,1,16,12,89.0,87.23,False,False,NONE
834,2024,1,12,16,87.23,89.0,False,False,NONE
835,2024,1,9,1,132.67,123.97,False,False,NONE
836,2024,1,1,9,123.97,132.67,False,False,NONE
837,2024,1,15,4,100.51,103.01,False,False,NONE
838,2024,1,4,15,103.01,100.51,False,False,NONE
839,2024,1,11,26,113.48,104.84,False,False,NONE
840,2024,1,26,11,104.84,113.48,False,False,NONE
841,2024,2,26,1,143.57,94.14,False,False,NONE
842,2024,2,1,26,94.14,143.57,False,False,NONE
843,2024,2,11,12,101.08,136.19,False,False,NONE
844,2024,2,12,11,136.19,101.08,False,False,NONE
845,2024,2,17,9,116.13,96.33,False,False,NONE
846,2024,2,9,17,96.33,116.13,False,False,NONE
847,2024,2,4,16,114.86,134.58,False,False,NONE
848,2024,2,16,4,134.58,114.86,False,False,NONE
849,2024,2,7,15,110.53,111.93,False,False,NONE
850,2024,2,15,7,111.93,110.53,False,False,NONE
851,2024,3,7,26,151.52,109.85,False,False,NONE
852,2024,3,26,7,109.85,151.52,False,False,NONE
853,2024,3,16,11,79.04,105.98,False,False,NONE
854,2024,3,11,16,105.98,79.04,False,False,NONE
855,2024,3,1,17,86.28,114.37,False,False,NONE
856,2024,3,17,1,114.37,86.28,False,False,NONE
857,2024,3,12,15,72.1,111.59,False,False,NONE
858,2024,3,15,12,111.59,72.1,False,False,NONE
859,2024,3,4,9,154.52,142.11,False,False,NONE
860,2024,3,9,4,142.11,154.52,False,False,NONE
861,2024,4,12,17,146.07,100.84,False,False,NONE
862,2024,4,17,12,100.84,146.07,False,False,NONE
863,2024,4,11,4,93.76,105.99,False,False,NONE
864,2024,4,4,11,105.99,93.76,False,False,NONE
865,2024,4,9,26,130.51,119.72,False,False,NONE
866,2024,4,26,9,119.72,130.51,False,False,NONE
867,2024,4,16,15,96.88,80.52,False,False,NONE
868,2024,4,15,16,80.52,96.88,False,False,NONE
869,2024,4,7,1,90.55,75.82,False,False,NONE
870,2024,4,1,7,75.82,90.55,False,False,NONE
871,2024,5,26,17,91.13,119.43,False,False,NONE
872,2024,5,17,26,119.43,91.13,False,False,NONE
873,2024,5,4,12,122.06,111.29,False,False,NONE
874,2024,5,12,4,111.29,122.06,False,False,NONE
875,2024,5,7,9,115.69,156.94,False,False,NONE
876,2024,5,9,7,156.94,115.69,False,False,NONE
877,2024,5,11,15,74.94,116.7,False,False,NONE
878,2024,5,15,11,116.7,74.94,False,False,NONE
879,2024,5,16,1,109.0,93.85,False,False,NONE
880,2024,5,1,16,93.85,109.0,False,False,NONE
881,2024,6,9,15,115.59,91.99,False,False,NONE
882,2024,6,15,9,91.99,115.59,False,False,NONE
883,2024,6,1,4,140.72,101.75,False,False,NONE
884,2024,6,4,1,101.75,140.72,False,False,NONE
885,2024,6,26,16,103.3,141.06,False,False,NONE
886,2024,6,16,26,141.06,103.3,False,False,NONE
887,2024,6,12,11,144.24,125.34,False,False,NONE
888,2024,6,11,12,125.34,144.24,False,False,NONE
889,2024,6,17,7,91.93,115.93,False,False,NONE
890,2024,6,7,17,115.93,91.93,False,False,NONE
891,2024,7,15,4,123.1,163.78,False,False,NONE
892,2024,7,4,15,163.78,123.1,False,False,NONE
893,2024,7,9,1,105.02,114.14,False,False,NONE
894,2024,7,1,9,114.14,105.02,False,False,NONE
895,2024,7,7,26,103.97,107.96,False,False,NONE
896,2024,7,26,7,107.96,103.97,False,False,NONE
897,2024,7,12,16,102.34,108.9,False,False,NONE
898,2024,7,16,12,108.9,102.34,False,False,NONE
899,2024,7,11,17,82.46,51.06,False,False,NONE
900,2024,7,17,11,51.06,82.46,False,False,NONE
901,2024,8,11,4,131.49,99.88,False,False,NONE
902,2024,8,4,11,99.88,131.49,False,False,NONE
903,2024,8,1,17,131.04,101.87,False,False,NONE
904,2024,8,17,1,101.87,131.04,False,False,NONE
905,2024,8,26,9,132.78,136.41,False,False,NONE
906,2024,8,9,26,136.41,132.78,False,False,NONE
907,2024,8,16,15,125.76,97.26,False,False,NONE
908,2024,8,15,16,97.26,125.76,False,False,NONE
909,2024,8,7,12,127.34,166.93,False,False,NONE
910,2024,8,12,7,166.93,127.34,False,False,NONE
911,2024,9,16,11,126.58,123.01,False,False,NONE
912,2024,9,11,16,123.01,126.58,False,False,NONE
913,2024,9,4,9,126.56,126.3,False,False,NONE
914,2024,9,9,4,126.3,126.56,False,False,NONE
915,2024,9,1,7,113.78,101.46,False,False,NONE
916,2024,9,7,1,101.46,113.78,False,False,NONE
917,2024,9,15,12,125.92,99.83,False,False,NONE
918,2024,9,12,15,99.83,125.92,False,False,NONE
919,2024,9,26,17,117.24,93.59,False,False,NONE
920,2024,9,17,26,93.59,117.24,False,False,NONE
921,2024,10,16,1,110.44,111.6,False,False,NONE
922,2024,10,1,16,111.6,110.44,False,False,NONE
923,2024,10,4,12,118.75,114.53,False,False,NONE
924,2024,10,12,4,114.53,118.75,False,False,NONE
925,2024,10,9,17,146.77,94.08,False,False,NONE
926,2024,10,17,9,94.08,146.77,False,False,NONE
927,2024,10,7,11,118.79,79.82,False,False,NONE
928,2024,10,11,7,79.82,118.79,False,False,NONE
929,2024,10,26,15,78.49,113.24,False,False,NONE
930,2024,10,15,26,113.24,78.49,False,False,NONE
931,2024,11,15,11,126.98,106.67,False,False,NONE
932,2024,11,11,15,106.67,126.98,False,False,NONE
933,2024,11,26,4,150.53,157.21,False,False,NONE
934,2024,11,4,26,157.21,150.53,False,False,NONE
935,2024,11,7,9,104.58,101.07,False,False,NONE
936,2024,11,9,7,101.07,104.58,False,False,NONE
937,2024,11,16,17,111.03,79.63,False,False,NONE
938,2024,11,17,16,79.63,111.03,False,False,NONE
939,2024,11,12,1,96.68,119.86,False,False,NONE
940,2024,11,1,12,119.86,96.68,False,False,NONE
941,2024,12,11,7,79.29,91.95,False,False,NONE
942,2024,12,7,11,91.95,79.29,False,False,NONE
943,2024,12,16,9,90.4,113.9,False,False,NONE
944,2024,12,9,16,113.9,90.4,False,False,NONE
945,2024,12,4,17,85.31,132.42,False,False,NONE
946,2024,12,17,4,132.42,85.31,False,False,NONE
947,2024,12,26,12,114.9,116.51,False,False,NONE
948,2024,12,12,26,116.51,114.9,False,False,NONE
949,2024,12,1,15,95.88,176.04,False,False,NONE
950,2024,12,15,1,176.04,95.88,False,False,NONE
951,2024,13,15,17,131.13,108.86,False,False,NONE
952,2024,13,17,15,108.86,131.13,False,False,NONE
953,2024,13,4,16,116.28,100.01,False,False,NONE
954,2024,13,16,4,100.01,116.28,False,False,NONE
955,2024,13,9,11,111.86,81.83,False,False,NONE
956,2024,13,11,9,81.83,111.86,False,False,NONE
957,2024,13,7,12,102.22,98.76,False,False,NONE
958,2024,13,12,7,98.76,102.22,False,False,NONE
959,2024,13,1,26,96.41,131.58,False,False,NONE
960,2024,13,26,1,131.58,96.41,False,False,NONE
961,2024,14,17,4,78.04,120.96,False,False,NONE
962,2024,14,4,17,120.96,78.04,False,False,NONE
963,2024,14,1,11,156.62,194.82,False,False,NONE
964,2024,14,11,1,194.82,156.62,False,False,NONE
965,2024,14,9,12,134.93,143.47,False,False,NONE
966,2024,14,12,9,143.47,134.93,False,False,NONE
967,2024,14,26,16,105.45,112.74,False,False,NONE
968,2024,14,16,26,112.74,105.45,False,False,NONE
969,2024,14,7,15,97.59,116.48,False,False,NONE
970,2024,14,15,7,116.48,97.59,False,False,NONE
971,2024,15,4,0,143.01,0.0,True,False,WINNERS_BRACKET
972,2024,15,15,7,109.41,63.73,True,False,WINNERS_BRACKET
973,2024,15,7,15,63.73,109.41,True,False,WINNERS_BRACKET
974,2024,15,16,12,145.15,143.49,True,False,WINNERS_BRACKET
975,2024,15,12,16,143.49,145.15,True,False,WINNERS_BRACKET
976,2024,15,9,0,114.75,0.0,True,False,WINNERS_BRACKET
977,2024,15,1,11,94.95,130.83,True,False,LOSERS_CONSOLATION_LADDER
978,2024,15,11,1,130.83,94.95,True,False,LOSERS_CONSOLATION_LADDER
979,2024,15,26,17,119.0,120.54,True,False,LOSERS_CONSOLATION_LADDER
980,2024,15,17,26,120.54,119.0,True,False,LOSERS_CONSOLATION_LADDER
981,2024,16,4,15,123.6,127.43,True,False,WINNERS_BRACKET
982,2024,16,15,4,127.43,123.6,True,False,WINNERS_BRACKET
983,2024,16,9,16,160.54,89.16,True,False,WINNERS_BRACKET
984,2024,16,16,9,89.16,160.54,True,False,WINNERS_BRACKET
985,2024,16,7,12,106.23,129.62,True,False,WINNERS_CONSOLATION_LADDER
986,2024,16,12,7,129.62,106.23,True,False,WINNERS_CONSOLATION_LADDER
987,2024,16,11,17,97.76,85.08,True,False,LOSERS_CONSOLATION_LADDER
988,2024,16,17,11,85.08,97.76,True,False,LOSERS_CONSOLATION_LADDER
989,2024,16,1,26,92.06,131.57,True,False,LOSERS_CONSOLATION_LADDER
990,2024,16,26,1,131.57,92.06,True,False,LOSERS_CONSOLATION_LADDER
991,2024,17,9,15,168.69,155.69,True,False,WINNERS_BRACKET
992,2024,17,15,9,155.69,168.69,True,False,WINNERS_BRACKET
993,2024,17,4,16,100.7,46.72,True,False,WINNERS_CONSOLATION_LADDER
994,2024,17,16,4,46.72,100.7,True,False,WINNERS_CONSOLATION_LADDER
995,2024,17,7,12,93.62,128.28,True,False,WINNERS_CONSOLATION_LADDER
996,2024,17,12,7,128.28,93.62,True,False,WINNERS_CONSOLATION_LADDER
997,2024,17,11,26,90.06,112.27,True,False,LOSERS_CONSOLATION_LADDER
998,2024,17,26,11,112.27,90.06,True,False,LOSERS_CONSOLATION_LADDER
999,2024,17,1,17,85.24,95.09,True,False,LOSERS_CONSOLATION_LADDER
1000,2024,17,17,1,95.09,85.24,True,False,LOSERS_CONSOLATION_LADDER
